,images,labels
0,131004959_171473721383413_8222187747086021011_n.jpg,Defective
1,131051004_382613492830631_1306891331783850055_n.jpg,Defective
2,131065180_999185033824671_7735147288489715620_n.jpg,Defective
3,131084537_190751489449739_279862595635733772_n.jpg,Defective
4,131092897_149705809860659_8798464983059531038_n.jpg,Defective
5,131098429_134147575143001_1246437012995704959_n.jpg,Defective
6,131129946_140815574232570_8925999503657494497_n.jpg,Defective
7,131275810_2686956714949012_5021348409242545922_n.jpg,Defective
8,131348023_405054987354853_8834671660058234194_n.jpg,Defective
9,131437543_500273490949549_5045378072687137331_n.jpg,Defective
10,2007.05.16_-_002_Broken_rail_weld_-_Flickr_-_faxepl.jpg,Defective
11,6411009.jpg,Defective
12,89e8b1a9ca8c41919021f8f4faaf37f0.jpg,Defective
13,Broken_railroad_tracks_1.jpg,Defective
14,E116_8996.jpg,Defective
15,IMG_20201114_100202.jpg,Defective
16,IMG_20201114_100206.jpg,Defective
17,IMG_20201114_100220.jpg,Defective
18,IMG_20201114_100226.jpg,Defective
19,IMG_20201114_100946.jpg,Defective
20,IMG_20201114_100947.jpg,Defective
21,IMG_20201114_100950.jpg,Defective
22,IMG_20201114_101121.jpg,Defective
23,IMG_20201114_101130.jpg,Defective
24,IMG_20201114_101134.jpg,Defective
25,IMG_20201114_101138.jpg,Defective
26,IMG_20201114_101143.jpg,Defective
27,IMG_20201114_101148.jpg,Defective
28,IMG_20201114_101149.jpg,Defective
29,IMG_20201114_101157.jpg,Defective
30,IMG_20201114_101537.jpg,Defective
31,IMG_20201114_101539.jpg,Defective
32,IMG_20201114_101541.jpg,Defective
33,IMG_20201114_101612.jpg,Defective
34,IMG_20201114_101614.jpg,Defective
35,IMG_20201114_101628.jpg,Defective
36,IMG_20201114_101630.jpg,Defective
37,IMG_20201114_101637.jpg,Defective
38,IMG_20201114_101658.jpg,Defective
39,IMG_20201114_101700.jpg,Defective
40,IMG_20201114_101720.jpg,Defective
41,IMG_20201114_101820.jpg,Defective
42,IMG_20201114_101823.jpg,Defective
43,IMG_20201114_101830.jpg,Defective
44,IMG_20201114_101835.jpg,Defective
45,IMG_20201114_101926.jpg,Defective
46,IMG_20201114_101930.jpg,Defective
47,IMG_20201114_101938.jpg,Defective
48,IMG_20201114_101946.jpg,Defective
49,IMG_20201114_101952.jpg,Defective
50,IMG_20201114_102004.jpg,Defective
51,IMG_20201114_102009.jpg,Defective
52,IMG_20201114_102011.jpg,Defective
53,IMG_20201114_102017.jpg,Defective
54,IMG_20201114_102019.jpg,Defective
55,IMG_20201114_102022.jpg,Defective
56,IMG_20201114_102035.jpg,Defective
57,IMG_20201114_102044.jpg,Defective
58,IMG_20201114_102051.jpg,Defective
59,IMG_20201114_102058.jpg,Defective
60,IMG_20201114_102110.jpg,Defective
61,IMG_20201114_102117.jpg,Defective
62,IMG_20201114_102124.jpg,Defective
63,IMG_20201114_102154.jpg,Defective
64,IMG_20201114_102200.jpg,Defective
65,IMG_20201114_102206.jpg,Defective
66,IMG_20201114_102215.jpg,Defective
67,IMG_20201114_102217.jpg,Defective
68,IMG_20201114_102230.jpg,Defective
69,IMG_20201114_102338.jpg,Defective
70,IMG_20201114_102340.jpg,Defective
71,IMG_20201114_102348.jpg,Defective
72,IMG_20201114_102415.jpg,Defective
73,IMG_20201114_102726.jpg,Defective
74,IMG_20201114_102729.jpg,Defective
75,IMG_20201114_102732.jpg,Defective
76,IMG_20201114_102741.jpg,Defective
77,IMG_20201114_102808.jpg,Defective
78,IMG_20201114_102811.jpg,Defective
79,IMG_20201114_102816.jpg,Defective
80,IMG_20201114_102824.jpg,Defective
81,IMG_20201114_102936.jpg,Defective
82,IMG_20201114_102939.jpg,Defective
83,IMG_20201114_103041.jpg,Defective
84,IMG_20201114_103058.jpg,Defective
85,IMG_20201114_103059.jpg,Defective
86,IMG_20201114_103138.jpg,Defective
87,IMG_20201114_103150.jpg,Defective
88,IMG_20201211_112617.jpg,Defective
89,IMG_20201211_112622.jpg,Defective
90,IMG_20201211_112635.jpg,Defective
91,IMG_20201211_112701.jpg,Defective
92,IMG_20201211_112709.jpg,Defective
93,IMG_20201211_112717.jpg,Defective
94,IMG_20201211_112721.jpg,Defective
95,IMG_20201211_112802.jpg,Defective
96,IMG_20201211_1128021.jpg,Defective
97,IMG_20201211_11280212.jpg,Defective
98,IMG_20201211_112807.jpg,Defective
99,IMG_20201211_1128071.jpg,Defective
100,IMG_20201211_112812.jpg,Defective
101,IMG_20201211_1128121.jpg,Defective
102,IMG_20201211_112817.jpg,Defective
103,IMG_20201211_112838.jpg,Defective
104,IMG_20201211_1128381.jpg,Defective
105,IMG_20201211_112859.jpg,Defective
106,IMG_20201211_112904.jpg,Defective
107,IMG_20201211_112911.jpg,Defective
108,IMG_20201211_112914.jpg,Defective
109,IMG_20201211_112917.jpg,Defective
110,IMG_20201211_112924.jpg,Defective
111,IMG_20201211_112949.jpg,Defective
112,IMG_20201211_112951.jpg,Defective
113,IMG_20201211_113317.jpg,Defective
114,IMG_20201211_113324.jpg,Defective
115,IMG_20201211_113329.jpg,Defective
116,IMG_20201211_113346.jpg,Defective
117,IMG_20201211_113354.jpg,Defective
118,IMG_20201211_113410.jpg,Defective
119,IMG_20201211_113415.jpg,Defective
120,IMG_20201211_113434.jpg,Defective
121,IMG_20201211_113440.jpg,Defective
122,IMG_20201211_113506.jpg,Defective
123,IMG_20201211_113626.jpg,Defective
124,IMG_20201211_113650.jpg,Defective
125,IMG_20201211_113654.jpg,Defective
126,IMG_20201211_113656.jpg,Defective
127,IMG_20201211_114126.jpg,Defective
128,IMG_20201211_121214.jpg,Defective
129,JS76994453.jpg,Defective
130,SN_RDH_GTW_BrokenRail_2.jpg.gallery.jpg,Defective
131,Schienenbruch.jpg,Defective
132,aug_prefix_0_102.jpg,Defective
133,aug_prefix_0_1066.jpg,Defective
134,aug_prefix_0_1078.jpg,Defective
135,aug_prefix_0_1132.jpg,Defective
136,aug_prefix_0_1176.jpg,Defective
137,aug_prefix_0_1187.jpg,Defective
138,aug_prefix_0_1190.jpg,Defective
139,aug_prefix_0_121.jpg,Defective
140,aug_prefix_0_1239.jpg,Defective
141,aug_prefix_0_1240.jpg,Defective
142,aug_prefix_0_1265.jpg,Defective
143,aug_prefix_0_1266.jpg,Defective
144,aug_prefix_0_1283.jpg,Defective
145,aug_prefix_0_1297.jpg,Defective
146,aug_prefix_0_1303.jpg,Defective
147,aug_prefix_0_1307.jpg,Defective
148,aug_prefix_0_1322.jpg,Defective
149,aug_prefix_0_133.jpg,Defective
150,aug_prefix_0_1333.jpg,Defective
151,aug_prefix_0_1343.jpg,Defective
152,aug_prefix_0_1394.jpg,Defective
153,aug_prefix_0_140.jpg,Defective
154,aug_prefix_0_1412.jpg,Defective
155,aug_prefix_0_1420.jpg,Defective
156,aug_prefix_0_1461.jpg,Defective
157,aug_prefix_0_149.jpg,Defective
158,aug_prefix_0_1523.jpg,Defective
159,aug_prefix_0_1527.jpg,Defective
160,aug_prefix_0_153.jpg,Defective
161,aug_prefix_0_1532.jpg,Defective
162,aug_prefix_0_154.jpg,Defective
163,aug_prefix_0_1541.jpg,Defective
164,aug_prefix_0_1593.jpg,Defective
165,aug_prefix_0_1619.jpg,Defective
166,aug_prefix_0_166.jpg,Defective
167,aug_prefix_0_1702.jpg,Defective
168,aug_prefix_0_1775.jpg,Defective
169,aug_prefix_0_1803.jpg,Defective
170,aug_prefix_0_1829.jpg,Defective
171,aug_prefix_0_1832.jpg,Defective
172,aug_prefix_0_1834.jpg,Defective
173,aug_prefix_0_1842.jpg,Defective
174,aug_prefix_0_1878.jpg,Defective
175,aug_prefix_0_1879.jpg,Defective
176,aug_prefix_0_1881.jpg,Defective
177,aug_prefix_0_1940.jpg,Defective
178,aug_prefix_0_1950.jpg,Defective
179,aug_prefix_0_1964.jpg,Defective
180,aug_prefix_0_1970.jpg,Defective
181,aug_prefix_0_1989.jpg,Defective
182,aug_prefix_0_201.jpg,Defective
183,aug_prefix_0_2021.jpg,Defective
184,aug_prefix_0_2043.jpg,Defective
185,aug_prefix_0_2094.jpg,Defective
186,aug_prefix_0_21.jpg,Defective
187,aug_prefix_0_2130.jpg,Defective
188,aug_prefix_0_2134.jpg,Defective
189,aug_prefix_0_2142.jpg,Defective
190,aug_prefix_0_2148.jpg,Defective
191,aug_prefix_0_2166.jpg,Defective
192,aug_prefix_0_2223.jpg,Defective
193,aug_prefix_0_2248.jpg,Defective
194,aug_prefix_0_2252.jpg,Defective
195,aug_prefix_0_2273.jpg,Defective
196,aug_prefix_0_2275.jpg,Defective
197,aug_prefix_0_230.jpg,Defective
198,aug_prefix_0_2304.jpg,Defective
199,aug_prefix_0_2310.jpg,Defective
200,aug_prefix_0_2321.jpg,Defective
201,aug_prefix_0_2324.jpg,Defective
202,aug_prefix_0_2327.jpg,Defective
203,aug_prefix_0_2328.jpg,Defective
204,aug_prefix_0_2347.jpg,Defective
205,aug_prefix_0_2359.jpg,Defective
206,aug_prefix_0_2362.jpg,Defective
207,aug_prefix_0_2381.jpg,Defective
208,aug_prefix_0_2383.jpg,Defective
209,aug_prefix_0_2388.jpg,Defective
210,aug_prefix_0_2394.jpg,Defective
211,aug_prefix_0_2408.jpg,Defective
212,aug_prefix_0_2427.jpg,Defective
213,aug_prefix_0_2448.jpg,Defective
214,aug_prefix_0_2450.jpg,Defective
215,aug_prefix_0_2453.jpg,Defective
216,aug_prefix_0_2479.jpg,Defective
217,aug_prefix_0_2487.jpg,Defective
218,aug_prefix_0_2488.jpg,Defective
219,aug_prefix_0_2516.jpg,Defective
220,aug_prefix_0_2524.jpg,Defective
221,aug_prefix_0_2525.jpg,Defective
222,aug_prefix_0_2530.jpg,Defective
223,aug_prefix_0_2532.jpg,Defective
224,aug_prefix_0_2533.jpg,Defective
225,aug_prefix_0_2537.jpg,Defective
226,aug_prefix_0_2556.jpg,Defective
227,aug_prefix_0_2575.jpg,Defective
228,aug_prefix_0_259.jpg,Defective
229,aug_prefix_0_2612.jpg,Defective
230,aug_prefix_0_2620.jpg,Defective
231,aug_prefix_0_2626.jpg,Defective
232,aug_prefix_0_2629.jpg,Defective
233,aug_prefix_0_2645.jpg,Defective
234,aug_prefix_0_2658.jpg,Defective
235,aug_prefix_0_2681.jpg,Defective
236,aug_prefix_0_2697.jpg,Defective
237,aug_prefix_0_2698.jpg,Defective
238,aug_prefix_0_2711.jpg,Defective
239,aug_prefix_0_2728.jpg,Defective
240,aug_prefix_0_2736.jpg,Defective
241,aug_prefix_0_2752.jpg,Defective
242,aug_prefix_0_2759.jpg,Defective
243,aug_prefix_0_2772.jpg,Defective
244,aug_prefix_0_2778.jpg,Defective
245,aug_prefix_0_2786.jpg,Defective
246,aug_prefix_0_2811.jpg,Defective
247,aug_prefix_0_2812.jpg,Defective
248,aug_prefix_0_2814.jpg,Defective
249,aug_prefix_0_2819.jpg,Defective
250,aug_prefix_0_2828.jpg,Defective
251,aug_prefix_0_2844.jpg,Defective
252,aug_prefix_0_2895.jpg,Defective
253,aug_prefix_0_2906.jpg,Defective
254,aug_prefix_0_2916.jpg,Defective
255,aug_prefix_0_295.jpg,Defective
256,aug_prefix_0_2950.jpg,Defective
257,aug_prefix_0_2955.jpg,Defective
258,aug_prefix_0_298.jpg,Defective
259,aug_prefix_0_2998.jpg,Defective
260,aug_prefix_0_3010.jpg,Defective
261,aug_prefix_0_3034.jpg,Defective
262,aug_prefix_0_3037.jpg,Defective
263,aug_prefix_0_3050.jpg,Defective
264,aug_prefix_0_3067.jpg,Defective
265,aug_prefix_0_307.jpg,Defective
266,aug_prefix_0_3153.jpg,Defective
267,aug_prefix_0_3168.jpg,Defective
268,aug_prefix_0_3179.jpg,Defective
269,aug_prefix_0_3180.jpg,Defective
270,aug_prefix_0_3184.jpg,Defective
271,aug_prefix_0_3187.jpg,Defective
272,aug_prefix_0_3199.jpg,Defective
273,aug_prefix_0_3222.jpg,Defective
274,aug_prefix_0_325.jpg,Defective
275,aug_prefix_0_3252.jpg,Defective
276,aug_prefix_0_3270.jpg,Defective
277,aug_prefix_0_3288.jpg,Defective
278,aug_prefix_0_3317.jpg,Defective
279,aug_prefix_0_3332.jpg,Defective
280,aug_prefix_0_3343.jpg,Defective
281,aug_prefix_0_3350.jpg,Defective
282,aug_prefix_0_3354.jpg,Defective
283,aug_prefix_0_3359.jpg,Defective
284,aug_prefix_0_3377.jpg,Defective
285,aug_prefix_0_338.jpg,Defective
286,aug_prefix_0_3383.jpg,Defective
287,aug_prefix_0_3388.jpg,Defective
288,aug_prefix_0_3398.jpg,Defective
289,aug_prefix_0_3406.jpg,Defective
290,aug_prefix_0_3420.jpg,Defective
291,aug_prefix_0_3462.jpg,Defective
292,aug_prefix_0_347.jpg,Defective
293,aug_prefix_0_3478.jpg,Defective
294,aug_prefix_0_3483.jpg,Defective
295,aug_prefix_0_3491.jpg,Defective
296,aug_prefix_0_3507.jpg,Defective
297,aug_prefix_0_3536.jpg,Defective
298,aug_prefix_0_3546.jpg,Defective
299,aug_prefix_0_3549.jpg,Defective
300,aug_prefix_0_3559.jpg,Defective
301,aug_prefix_0_359.jpg,Defective
302,aug_prefix_0_3601.jpg,Defective
303,aug_prefix_0_3607.jpg,Defective
304,aug_prefix_0_3618.jpg,Defective
305,aug_prefix_0_3656.jpg,Defective
306,aug_prefix_0_3662.jpg,Defective
307,aug_prefix_0_3663.jpg,Defective
308,aug_prefix_0_3664.jpg,Defective
309,aug_prefix_0_3685.jpg,Defective
310,aug_prefix_0_370.jpg,Defective
311,aug_prefix_0_3714.jpg,Defective
312,aug_prefix_0_374.jpg,Defective
313,aug_prefix_0_3780.jpg,Defective
314,aug_prefix_0_3795.jpg,Defective
315,aug_prefix_0_3798.jpg,Defective
316,aug_prefix_0_38.jpg,Defective
317,aug_prefix_0_3812.jpg,Defective
318,aug_prefix_0_382.jpg,Defective
319,aug_prefix_0_3824.jpg,Defective
320,aug_prefix_0_387.jpg,Defective
321,aug_prefix_0_3879.jpg,Defective
322,aug_prefix_0_3884.jpg,Defective
323,aug_prefix_0_3897.jpg,Defective
324,aug_prefix_0_390.jpg,Defective
325,aug_prefix_0_391.jpg,Defective
326,aug_prefix_0_3918.jpg,Defective
327,aug_prefix_0_3929.jpg,Defective
328,aug_prefix_0_3931.jpg,Defective
329,aug_prefix_0_3932.jpg,Defective
330,aug_prefix_0_3969.jpg,Defective
331,aug_prefix_0_398.jpg,Defective
332,aug_prefix_0_3998.jpg,Defective
333,aug_prefix_0_400.jpg,Defective
334,aug_prefix_0_4015.jpg,Defective
335,aug_prefix_0_4036.jpg,Defective
336,aug_prefix_0_4038.jpg,Defective
337,aug_prefix_0_4045.jpg,Defective
338,aug_prefix_0_4085.jpg,Defective
339,aug_prefix_0_4099.jpg,Defective
340,aug_prefix_0_410.jpg,Defective
341,aug_prefix_0_4126.jpg,Defective
342,aug_prefix_0_4146.jpg,Defective
343,aug_prefix_0_4169.jpg,Defective
344,aug_prefix_0_4171.jpg,Defective
345,aug_prefix_0_4177.jpg,Defective
346,aug_prefix_0_4203.jpg,Defective
347,aug_prefix_0_4232.jpg,Defective
348,aug_prefix_0_4305.jpg,Defective
349,aug_prefix_0_431.jpg,Defective
350,aug_prefix_0_4320.jpg,Defective
351,aug_prefix_0_4323.jpg,Defective
352,aug_prefix_0_4325.jpg,Defective
353,aug_prefix_0_436.jpg,Defective
354,aug_prefix_0_4379.jpg,Defective
355,aug_prefix_0_440.jpg,Defective
356,aug_prefix_0_4417.jpg,Defective
357,aug_prefix_0_4422.jpg,Defective
358,aug_prefix_0_4426.jpg,Defective
359,aug_prefix_0_4465.jpg,Defective
360,aug_prefix_0_4487.jpg,Defective
361,aug_prefix_0_4490.jpg,Defective
362,aug_prefix_0_4505.jpg,Defective
363,aug_prefix_0_451.jpg,Defective
364,aug_prefix_0_4510.jpg,Defective
365,aug_prefix_0_4539.jpg,Defective
366,aug_prefix_0_4553.jpg,Defective
367,aug_prefix_0_4564.jpg,Defective
368,aug_prefix_0_4567.jpg,Defective
369,aug_prefix_0_4575.jpg,Defective
370,aug_prefix_0_4583.jpg,Defective
371,aug_prefix_0_4649.jpg,Defective
372,aug_prefix_0_4675.jpg,Defective
373,aug_prefix_0_4676.jpg,Defective
374,aug_prefix_0_4716.jpg,Defective
375,aug_prefix_0_4740.jpg,Defective
376,aug_prefix_0_4743.jpg,Defective
377,aug_prefix_0_4826.jpg,Defective
378,aug_prefix_0_4832.jpg,Defective
379,aug_prefix_0_4843.jpg,Defective
380,aug_prefix_0_4861.jpg,Defective
381,aug_prefix_0_4863.jpg,Defective
382,aug_prefix_0_4877.jpg,Defective
383,aug_prefix_0_493.jpg,Defective
384,aug_prefix_0_4946.jpg,Defective
385,aug_prefix_0_4956.jpg,Defective
386,aug_prefix_0_4966.jpg,Defective
387,aug_prefix_0_4980.jpg,Defective
388,aug_prefix_0_4997.jpg,Defective
389,aug_prefix_0_5012.jpg,Defective
390,aug_prefix_0_5014.jpg,Defective
391,aug_prefix_0_5017.jpg,Defective
392,aug_prefix_0_5022.jpg,Defective
393,aug_prefix_0_5026.jpg,Defective
394,aug_prefix_0_5034.jpg,Defective
395,aug_prefix_0_5037.jpg,Defective
396,aug_prefix_0_5043.jpg,Defective
397,aug_prefix_0_5093.jpg,Defective
398,aug_prefix_0_5102.jpg,Defective
399,aug_prefix_0_515.jpg,Defective
400,aug_prefix_0_5156.jpg,Defective
401,aug_prefix_0_518.jpg,Defective
402,aug_prefix_0_5194.jpg,Defective
403,aug_prefix_0_52.jpg,Defective
404,aug_prefix_0_5210.jpg,Defective
405,aug_prefix_0_5213.jpg,Defective
406,aug_prefix_0_5224.jpg,Defective
407,aug_prefix_0_5239.jpg,Defective
408,aug_prefix_0_5257.jpg,Defective
409,aug_prefix_0_5266.jpg,Defective
410,aug_prefix_0_5293.jpg,Defective
411,aug_prefix_0_531.jpg,Defective
412,aug_prefix_0_5338.jpg,Defective
413,aug_prefix_0_5343.jpg,Defective
414,aug_prefix_0_5344.jpg,Defective
415,aug_prefix_0_5392.jpg,Defective
416,aug_prefix_0_5393.jpg,Defective
417,aug_prefix_0_5443.jpg,Defective
418,aug_prefix_0_5451.jpg,Defective
419,aug_prefix_0_5477.jpg,Defective
420,aug_prefix_0_5490.jpg,Defective
421,aug_prefix_0_5492.jpg,Defective
422,aug_prefix_0_5534.jpg,Defective
423,aug_prefix_0_555.jpg,Defective
424,aug_prefix_0_5587.jpg,Defective
425,aug_prefix_0_5613.jpg,Defective
426,aug_prefix_0_5614.jpg,Defective
427,aug_prefix_0_5623.jpg,Defective
428,aug_prefix_0_5626.jpg,Defective
429,aug_prefix_0_5628.jpg,Defective
430,aug_prefix_0_564.jpg,Defective
431,aug_prefix_0_5655.jpg,Defective
432,aug_prefix_0_5656.jpg,Defective
433,aug_prefix_0_5657.jpg,Defective
434,aug_prefix_0_5662.jpg,Defective
435,aug_prefix_0_5719.jpg,Defective
436,aug_prefix_0_5726.jpg,Defective
437,aug_prefix_0_5727.jpg,Defective
438,aug_prefix_0_5742.jpg,Defective
439,aug_prefix_0_5744.jpg,Defective
440,aug_prefix_0_5751.jpg,Defective
441,aug_prefix_0_5754.jpg,Defective
442,aug_prefix_0_5765.jpg,Defective
443,aug_prefix_0_581.jpg,Defective
444,aug_prefix_0_5811.jpg,Defective
445,aug_prefix_0_5832.jpg,Defective
446,aug_prefix_0_5833.jpg,Defective
447,aug_prefix_0_5846.jpg,Defective
448,aug_prefix_0_5854.jpg,Defective
449,aug_prefix_0_5862.jpg,Defective
450,aug_prefix_0_5868.jpg,Defective
451,aug_prefix_0_5904.jpg,Defective
452,aug_prefix_0_5967.jpg,Defective
453,aug_prefix_0_5991.jpg,Defective
454,aug_prefix_0_6013.jpg,Defective
455,aug_prefix_0_6021.jpg,Defective
456,aug_prefix_0_6028.jpg,Defective
457,aug_prefix_0_6037.jpg,Defective
458,aug_prefix_0_604.jpg,Defective
459,aug_prefix_0_6044.jpg,Defective
460,aug_prefix_0_6047.jpg,Defective
461,aug_prefix_0_6050.jpg,Defective
462,aug_prefix_0_6054.jpg,Defective
463,aug_prefix_0_607.jpg,Defective
464,aug_prefix_0_6080.jpg,Defective
465,aug_prefix_0_6081.jpg,Defective
466,aug_prefix_0_6094.jpg,Defective
467,aug_prefix_0_6123.jpg,Defective
468,aug_prefix_0_6129.jpg,Defective
469,aug_prefix_0_6150.jpg,Defective
470,aug_prefix_0_6155.jpg,Defective
471,aug_prefix_0_6168.jpg,Defective
472,aug_prefix_0_6171.jpg,Defective
473,aug_prefix_0_6189.jpg,Defective
474,aug_prefix_0_6202.jpg,Defective
475,aug_prefix_0_6203.jpg,Defective
476,aug_prefix_0_6271.jpg,Defective
477,aug_prefix_0_6278.jpg,Defective
478,aug_prefix_0_6318.jpg,Defective
479,aug_prefix_0_6321.jpg,Defective
480,aug_prefix_0_6331.jpg,Defective
481,aug_prefix_0_6339.jpg,Defective
482,aug_prefix_0_6360.jpg,Defective
483,aug_prefix_0_6363.jpg,Defective
484,aug_prefix_0_6367.jpg,Defective
485,aug_prefix_0_6425.jpg,Defective
486,aug_prefix_0_6432.jpg,Defective
487,aug_prefix_0_6443.jpg,Defective
488,aug_prefix_0_646.jpg,Defective
489,aug_prefix_0_6462.jpg,Defective
490,aug_prefix_0_6495.jpg,Defective
491,aug_prefix_0_650.jpg,Defective
492,aug_prefix_0_6509.jpg,Defective
493,aug_prefix_0_6511.jpg,Defective
494,aug_prefix_0_6513.jpg,Defective
495,aug_prefix_0_6563.jpg,Defective
496,aug_prefix_0_6564.jpg,Defective
497,aug_prefix_0_6575.jpg,Defective
498,aug_prefix_0_660.jpg,Defective
499,aug_prefix_0_6609.jpg,Defective
500,aug_prefix_0_6617.jpg,Defective
501,aug_prefix_0_6622.jpg,Defective
502,aug_prefix_0_6674.jpg,Defective
503,aug_prefix_0_6713.jpg,Defective
504,aug_prefix_0_6718.jpg,Defective
505,aug_prefix_0_672.jpg,Defective
506,aug_prefix_0_6727.jpg,Defective
507,aug_prefix_0_6733.jpg,Defective
508,aug_prefix_0_6739.jpg,Defective
509,aug_prefix_0_6750.jpg,Defective
510,aug_prefix_0_6763.jpg,Defective
511,aug_prefix_0_6774.jpg,Defective
512,aug_prefix_0_6799.jpg,Defective
513,aug_prefix_0_6826.jpg,Defective
514,aug_prefix_0_6832.jpg,Defective
515,aug_prefix_0_6836.jpg,Defective
516,aug_prefix_0_6847.jpg,Defective
517,aug_prefix_0_6851.jpg,Defective
518,aug_prefix_0_6862.jpg,Defective
519,aug_prefix_0_69.jpg,Defective
520,aug_prefix_0_6946.jpg,Defective
521,aug_prefix_0_6961.jpg,Defective
522,aug_prefix_0_7000.jpg,Defective
523,aug_prefix_0_7007.jpg,Defective
524,aug_prefix_0_7081.jpg,Defective
525,aug_prefix_0_7091.jpg,Defective
526,aug_prefix_0_7113.jpg,Defective
527,aug_prefix_0_7127.jpg,Defective
528,aug_prefix_0_7134.jpg,Defective
529,aug_prefix_0_7142.jpg,Defective
530,aug_prefix_0_720.jpg,Defective
531,aug_prefix_0_7234.jpg,Defective
532,aug_prefix_0_724.jpg,Defective
533,aug_prefix_0_7251.jpg,Defective
534,aug_prefix_0_7277.jpg,Defective
535,aug_prefix_0_7284.jpg,Defective
536,aug_prefix_0_7286.jpg,Defective
537,aug_prefix_0_7289.jpg,Defective
538,aug_prefix_0_7323.jpg,Defective
539,aug_prefix_0_7340.jpg,Defective
540,aug_prefix_0_7374.jpg,Defective
541,aug_prefix_0_7383.jpg,Defective
542,aug_prefix_0_7390.jpg,Defective
543,aug_prefix_0_7426.jpg,Defective
544,aug_prefix_0_7430.jpg,Defective
545,aug_prefix_0_7456.jpg,Defective
546,aug_prefix_0_7505.jpg,Defective
547,aug_prefix_0_7516.jpg,Defective
548,aug_prefix_0_7534.jpg,Defective
549,aug_prefix_0_757.jpg,Defective
550,aug_prefix_0_7598.jpg,Defective
551,aug_prefix_0_7606.jpg,Defective
552,aug_prefix_0_7662.jpg,Defective
553,aug_prefix_0_7671.jpg,Defective
554,aug_prefix_0_7707.jpg,Defective
555,aug_prefix_0_7724.jpg,Defective
556,aug_prefix_0_7730.jpg,Defective
557,aug_prefix_0_7742.jpg,Defective
558,aug_prefix_0_7749.jpg,Defective
559,aug_prefix_0_7762.jpg,Defective
560,aug_prefix_0_7768.jpg,Defective
561,aug_prefix_0_7773.jpg,Defective
562,aug_prefix_0_7778.jpg,Defective
563,aug_prefix_0_7784.jpg,Defective
564,aug_prefix_0_7785.jpg,Defective
565,aug_prefix_0_7795.jpg,Defective
566,aug_prefix_0_781.jpg,Defective
567,aug_prefix_0_7815.jpg,Defective
568,aug_prefix_0_7816.jpg,Defective
569,aug_prefix_0_788.jpg,Defective
570,aug_prefix_0_7893.jpg,Defective
571,aug_prefix_0_7904.jpg,Defective
572,aug_prefix_0_7905.jpg,Defective
573,aug_prefix_0_7918.jpg,Defective
574,aug_prefix_0_7930.jpg,Defective
575,aug_prefix_0_7932.jpg,Defective
576,aug_prefix_0_7944.jpg,Defective
577,aug_prefix_0_7948.jpg,Defective
578,aug_prefix_0_7983.jpg,Defective
579,aug_prefix_0_8002.jpg,Defective
580,aug_prefix_0_8039.jpg,Defective
581,aug_prefix_0_8048.jpg,Defective
582,aug_prefix_0_8053.jpg,Defective
583,aug_prefix_0_8060.jpg,Defective
584,aug_prefix_0_8067.jpg,Defective
585,aug_prefix_0_8069.jpg,Defective
586,aug_prefix_0_8100.jpg,Defective
587,aug_prefix_0_8103.jpg,Defective
588,aug_prefix_0_8109.jpg,Defective
589,aug_prefix_0_8113.jpg,Defective
590,aug_prefix_0_8121.jpg,Defective
591,aug_prefix_0_8168.jpg,Defective
592,aug_prefix_0_8173.jpg,Defective
593,aug_prefix_0_8182.jpg,Defective
594,aug_prefix_0_819.jpg,Defective
595,aug_prefix_0_8215.jpg,Defective
596,aug_prefix_0_8223.jpg,Defective
597,aug_prefix_0_8229.jpg,Defective
598,aug_prefix_0_8245.jpg,Defective
599,aug_prefix_0_8277.jpg,Defective
600,aug_prefix_0_8296.jpg,Defective
601,aug_prefix_0_8316.jpg,Defective
602,aug_prefix_0_8366.jpg,Defective
603,aug_prefix_0_8375.jpg,Defective
604,aug_prefix_0_8378.jpg,Defective
605,aug_prefix_0_8388.jpg,Defective
606,aug_prefix_0_8393.jpg,Defective
607,aug_prefix_0_8427.jpg,Defective
608,aug_prefix_0_8445.jpg,Defective
609,aug_prefix_0_8480.jpg,Defective
610,aug_prefix_0_8483.jpg,Defective
611,aug_prefix_0_8496.jpg,Defective
612,aug_prefix_0_8503.jpg,Defective
613,aug_prefix_0_852.jpg,Defective
614,aug_prefix_0_8527.jpg,Defective
615,aug_prefix_0_8531.jpg,Defective
616,aug_prefix_0_8566.jpg,Defective
617,aug_prefix_0_8569.jpg,Defective
618,aug_prefix_0_8583.jpg,Defective
619,aug_prefix_0_8593.jpg,Defective
620,aug_prefix_0_8598.jpg,Defective
621,aug_prefix_0_8601.jpg,Defective
622,aug_prefix_0_8610.jpg,Defective
623,aug_prefix_0_8628.jpg,Defective
624,aug_prefix_0_8633.jpg,Defective
625,aug_prefix_0_8684.jpg,Defective
626,aug_prefix_0_8692.jpg,Defective
627,aug_prefix_0_8702.jpg,Defective
628,aug_prefix_0_8704.jpg,Defective
629,aug_prefix_0_8708.jpg,Defective
630,aug_prefix_0_871.jpg,Defective
631,aug_prefix_0_872.jpg,Defective
632,aug_prefix_0_8776.jpg,Defective
633,aug_prefix_0_8808.jpg,Defective
634,aug_prefix_0_8822.jpg,Defective
635,aug_prefix_0_8873.jpg,Defective
636,aug_prefix_0_8887.jpg,Defective
637,aug_prefix_0_8897.jpg,Defective
638,aug_prefix_0_8906.jpg,Defective
639,aug_prefix_0_8914.jpg,Defective
640,aug_prefix_0_894.jpg,Defective
641,aug_prefix_0_8954.jpg,Defective
642,aug_prefix_0_8957.jpg,Defective
643,aug_prefix_0_8972.jpg,Defective
644,aug_prefix_0_898.jpg,Defective
645,aug_prefix_0_8988.jpg,Defective
646,aug_prefix_0_8991.jpg,Defective
647,aug_prefix_0_900.jpg,Defective
648,aug_prefix_0_9027.jpg,Defective
649,aug_prefix_0_9028.jpg,Defective
650,aug_prefix_0_9029.jpg,Defective
651,aug_prefix_0_9030.jpg,Defective
652,aug_prefix_0_9061.jpg,Defective
653,aug_prefix_0_9135.jpg,Defective
654,aug_prefix_0_9143.jpg,Defective
655,aug_prefix_0_915.jpg,Defective
656,aug_prefix_0_9176.jpg,Defective
657,aug_prefix_0_9191.jpg,Defective
658,aug_prefix_0_9194.jpg,Defective
659,aug_prefix_0_921.jpg,Defective
660,aug_prefix_0_9226.jpg,Defective
661,aug_prefix_0_9261.jpg,Defective
662,aug_prefix_0_9265.jpg,Defective
663,aug_prefix_0_9281.jpg,Defective
664,aug_prefix_0_9288.jpg,Defective
665,aug_prefix_0_9316.jpg,Defective
666,aug_prefix_0_9342.jpg,Defective
667,aug_prefix_0_935.jpg,Defective
668,aug_prefix_0_9354.jpg,Defective
669,aug_prefix_0_9424.jpg,Defective
670,aug_prefix_0_9428.jpg,Defective
671,aug_prefix_0_9441.jpg,Defective
672,aug_prefix_0_9462.jpg,Defective
673,aug_prefix_0_9463.jpg,Defective
674,aug_prefix_0_9474.jpg,Defective
675,aug_prefix_0_9492.jpg,Defective
676,aug_prefix_0_9511.jpg,Defective
677,aug_prefix_0_9528.jpg,Defective
678,aug_prefix_0_9567.jpg,Defective
679,aug_prefix_0_9573.jpg,Defective
680,aug_prefix_0_9582.jpg,Defective
681,aug_prefix_0_9588.jpg,Defective
682,aug_prefix_0_9593.jpg,Defective
683,aug_prefix_0_9602.jpg,Defective
684,aug_prefix_0_9607.jpg,Defective
685,aug_prefix_0_9619.jpg,Defective
686,aug_prefix_0_9622.jpg,Defective
687,aug_prefix_0_9624.jpg,Defective
688,aug_prefix_0_963.jpg,Defective
689,aug_prefix_0_9631.jpg,Defective
690,aug_prefix_0_9645.jpg,Defective
691,aug_prefix_0_9665.jpg,Defective
692,aug_prefix_0_9673.jpg,Defective
693,aug_prefix_0_969.jpg,Defective
694,aug_prefix_0_9728.jpg,Defective
695,aug_prefix_0_9750.jpg,Defective
696,aug_prefix_0_9757.jpg,Defective
697,aug_prefix_0_9768.jpg,Defective
698,aug_prefix_0_9773.jpg,Defective
699,aug_prefix_0_9775.jpg,Defective
700,aug_prefix_0_9781.jpg,Defective
701,aug_prefix_0_9794.jpg,Defective
702,aug_prefix_0_9796.jpg,Defective
703,aug_prefix_0_9807.jpg,Defective
704,aug_prefix_0_9841.jpg,Defective
705,aug_prefix_0_9842.jpg,Defective
706,aug_prefix_0_985.jpg,Defective
707,aug_prefix_0_9874.jpg,Defective
708,aug_prefix_0_9887.jpg,Defective
709,aug_prefix_0_9891.jpg,Defective
710,aug_prefix_0_9894.jpg,Defective
711,aug_prefix_0_9907.jpg,Defective
712,aug_prefix_0_9916.jpg,Defective
713,aug_prefix_0_9918.jpg,Defective
714,aug_prefix_0_9942.jpg,Defective
715,aug_prefix_0_9956.jpg,Defective
716,azer2003120026fbtr.jpg,Defective
717,cracked-rail.webp,Defective
718,dbb9223f7e652986a00c0dd8d8f1ccf8.jpg,Defective
719,download (1).jpeg,Defective
720,download (3).jpg,Defective
721,download (4).jpeg,Defective
722,download (5).jpg,Defective
723,download (6).jpeg,Defective
724,es5n3o3y5cu11.jpg,Defective
725,images (1).jpeg,Defective
726,images (2).jpeg,Defective
727,images (3).jpg,Defective
728,images (6).jpg,Defective
729,images (7).jpeg,Defective
730,images.jpeg,Defective
731,img.jpg,Defective
732,pic_1502805739.jpg,Defective
733,ral55.jpg,Defective
734,unnamed.jpg,Defective
0,IMG_20201114_100021.jpg,Non Defective
1,IMG_20201114_100032.jpg,Non Defective
2,IMG_20201114_100044.jpg,Non Defective
3,IMG_20201114_100046.jpg,Non Defective
4,IMG_20201114_100050.jpg,Non Defective
5,IMG_20201114_100052.jpg,Non Defective
6,IMG_20201114_100101.jpg,Non Defective
7,IMG_20201114_100107.jpg,Non Defective
8,IMG_20201114_100110.jpg,Non Defective
9,IMG_20201114_100114.jpg,Non Defective
10,IMG_20201114_100130.jpg,Non Defective
11,IMG_20201114_100134.jpg,Non Defective
12,IMG_20201114_100139.jpg,Non Defective
13,IMG_20201114_100140.jpg,Non Defective
14,IMG_20201114_100215.jpg,Non Defective
15,IMG_20201114_100230.jpg,Non Defective
16,IMG_20201114_100237.jpg,Non Defective
17,IMG_20201114_100242.jpg,Non Defective
18,IMG_20201114_100245.jpg,Non Defective
19,IMG_20201114_100248.jpg,Non Defective
20,IMG_20201114_100250.jpg,Non Defective
21,IMG_20201114_100259.jpg,Non Defective
22,IMG_20201114_100301.jpg,Non Defective
23,IMG_20201114_100303.jpg,Non Defective
24,IMG_20201114_100310.jpg,Non Defective
25,IMG_20201114_100315.jpg,Non Defective
26,IMG_20201114_100324.jpg,Non Defective
27,IMG_20201114_100325.jpg,Non Defective
28,IMG_20201114_100328.jpg,Non Defective
29,IMG_20201114_100330.jpg,Non Defective
30,IMG_20201114_100346.jpg,Non Defective
31,IMG_20201114_100356.jpg,Non Defective
32,IMG_20201114_100406.jpg,Non Defective
33,IMG_20201114_100407.jpg,Non Defective
34,IMG_20201114_100412.jpg,Non Defective
35,IMG_20201114_100416.jpg,Non Defective
36,IMG_20201114_100421.jpg,Non Defective
37,IMG_20201114_100428.jpg,Non Defective
38,IMG_20201114_100437.jpg,Non Defective
39,IMG_20201114_100447.jpg,Non Defective
40,IMG_20201114_100549.jpg,Non Defective
41,IMG_20201114_100756.jpg,Non Defective
42,IMG_20201114_100805.jpg,Non Defective
43,IMG_20201114_100808.jpg,Non Defective
44,IMG_20201114_100829.jpg,Non Defective
45,IMG_20201114_100831.jpg,Non Defective
46,IMG_20201114_100840.jpg,Non Defective
47,IMG_20201114_100849.jpg,Non Defective
48,IMG_20201114_100853.jpg,Non Defective
49,IMG_20201114_100904.jpg,Non Defective
50,IMG_20201114_100926.jpg,Non Defective
51,IMG_20201114_101019.jpg,Non Defective
52,IMG_20201114_101027.jpg,Non Defective
53,IMG_20201114_101031.jpg,Non Defective
54,IMG_20201114_101039.jpg,Non Defective
55,IMG_20201114_101046.jpg,Non Defective
56,IMG_20201114_101453.jpg,Non Defective
57,IMG_20201114_101457.jpg,Non Defective
58,IMG_20201114_101500.jpg,Non Defective
59,IMG_20201114_101512.jpg,Non Defective
60,IMG_20201114_101519.jpg,Non Defective
61,IMG_20201114_101529.jpg,Non Defective
62,IMG_20201114_101552.jpg,Non Defective
63,IMG_20201114_101556.jpg,Non Defective
64,IMG_20201114_101559.jpg,Non Defective
65,IMG_20201114_101601.jpg,Non Defective
66,IMG_20201114_101643.jpg,Non Defective
67,IMG_20201114_101645.jpg,Non Defective
68,IMG_20201114_101651.jpg,Non Defective
69,IMG_20201114_101708.jpg,Non Defective
70,IMG_20201114_101720.jpg,Non Defective
71,IMG_20201114_101724.jpg,Non Defective
72,IMG_20201114_101747.jpg,Non Defective
73,IMG_20201114_101755.jpg,Non Defective
74,IMG_20201114_101759.jpg,Non Defective
75,IMG_20201114_101801.jpg,Non Defective
76,IMG_20201114_101807.jpg,Non Defective
77,IMG_20201114_101814.jpg,Non Defective
78,IMG_20201114_101842.jpg,Non Defective
79,IMG_20201114_101844.jpg,Non Defective
80,IMG_20201114_101847.jpg,Non Defective
81,IMG_20201114_101857.jpg,Non Defective
82,IMG_20201114_101859.jpg,Non Defective
83,IMG_20201114_101909.jpg,Non Defective
84,IMG_20201114_101926.jpg,Non Defective
85,IMG_20201114_102051.jpg,Non Defective
86,IMG_20201114_102110.jpg,Non Defective
87,IMG_20201114_102114.jpg,Non Defective
88,IMG_20201114_102117.jpg,Non Defective
89,IMG_20201114_102258.jpg,Non Defective
90,IMG_20201114_102300.jpg,Non Defective
91,IMG_20201114_102303.jpg,Non Defective
92,IMG_20201114_102309.jpg,Non Defective
93,IMG_20201114_102311.jpg,Non Defective
94,IMG_20201114_102319.jpg,Non Defective
95,IMG_20201114_102321.jpg,Non Defective
96,IMG_20201114_102353.jpg,Non Defective
97,IMG_20201114_1023a21.jpg,Non Defective
98,IMG_20201114_102404.jpg,Non Defective
99,IMG_20201114_102410.jpg,Non Defective
100,IMG_20201114_102429.jpg,Non Defective
101,IMG_20201114_102441.jpg,Non Defective
102,IMG_20201114_102443.jpg,Non Defective
103,IMG_20201114_102447.jpg,Non Defective
104,IMG_20201114_102450.jpg,Non Defective
105,IMG_20201114_102455.jpg,Non Defective
106,IMG_20201114_102458.jpg,Non Defective
107,IMG_20201114_102506.jpg,Non Defective
108,IMG_20201114_102509.jpg,Non Defective
109,IMG_20201114_102511.jpg,Non Defective
110,IMG_20201114_102542.jpg,Non Defective
111,IMG_20201114_102545.jpg,Non Defective
112,IMG_20201114_102555.jpg,Non Defective
113,IMG_20201114_102558.jpg,Non Defective
114,IMG_20201114_102602.jpg,Non Defective
115,IMG_20201114_102615.jpg,Non Defective
116,IMG_20201114_102623.jpg,Non Defective
117,IMG_20201114_102631.jpg,Non Defective
118,IMG_20201114_102637.jpg,Non Defective
119,IMG_20201114_102641.jpg,Non Defective
120,IMG_20201114_102646.jpg,Non Defective
121,IMG_20201114_102649.jpg,Non Defective
122,IMG_20201114_102701.jpg,Non Defective
123,IMG_20201114_102703.jpg,Non Defective
124,IMG_20201114_102712.jpg,Non Defective
125,IMG_20201114_102714.jpg,Non Defective
126,IMG_20201114_102744.jpg,Non Defective
127,IMG_20201114_102757.jpg,Non Defective
128,IMG_20201114_102759.jpg,Non Defective
129,IMG_20201114_102822.jpg,Non Defective
130,IMG_20201114_102836.jpg,Non Defective
131,IMG_20201114_102839.jpg,Non Defective
132,IMG_20201114_102847.jpg,Non Defective
133,IMG_20201114_102850.jpg,Non Defective
134,IMG_20201114_102854.jpg,Non Defective
135,IMG_20201114_102902.jpg,Non Defective
136,IMG_20201114_102912.jpg,Non Defective
137,IMG_20201114_102922.jpg,Non Defective
138,IMG_20201114_102948.jpg,Non Defective
139,IMG_20201114_103004.jpg,Non Defective
140,IMG_20201114_103008.jpg,Non Defective
141,IMG_20201114_103009.jpg,Non Defective
142,IMG_20201114_103020.jpg,Non Defective
143,IMG_20201114_103022.jpg,Non Defective
144,IMG_20201114_103048.jpg,Non Defective
145,IMG_20201114_103055.jpg,Non Defective
146,IMG_20201114_103114.jpg,Non Defective
147,IMG_20201114_103142.jpg,Non Defective
148,IMG_20201114_103317.jpg,Non Defective
149,IMG_20201114_103321.jpg,Non Defective
150,IMG_20201114_103326.jpg,Non Defective
151,aug_prefix_0_1023.jpg,Non Defective
152,aug_prefix_0_1052.jpg,Non Defective
153,aug_prefix_0_1060.jpg,Non Defective
154,aug_prefix_0_1073.jpg,Non Defective
155,aug_prefix_0_1113.jpg,Non Defective
156,aug_prefix_0_1160.jpg,Non Defective
157,aug_prefix_0_1170.jpg,Non Defective
158,aug_prefix_0_1181.jpg,Non Defective
159,aug_prefix_0_1190.jpg,Non Defective
160,aug_prefix_0_1192.jpg,Non Defective
161,aug_prefix_0_1193.jpg,Non Defective
162,aug_prefix_0_123.jpg,Non Defective
163,aug_prefix_0_1234.jpg,Non Defective
164,aug_prefix_0_1247.jpg,Non Defective
165,aug_prefix_0_1266.jpg,Non Defective
166,aug_prefix_0_1281.jpg,Non Defective
167,aug_prefix_0_1284.jpg,Non Defective
168,aug_prefix_0_129.jpg,Non Defective
169,aug_prefix_0_1305.jpg,Non Defective
170,aug_prefix_0_1306.jpg,Non Defective
171,aug_prefix_0_1309.jpg,Non Defective
172,aug_prefix_0_132.jpg,Non Defective
173,aug_prefix_0_1322.jpg,Non Defective
174,aug_prefix_0_1349.jpg,Non Defective
175,aug_prefix_0_135.jpg,Non Defective
176,aug_prefix_0_1374.jpg,Non Defective
177,aug_prefix_0_1402.jpg,Non Defective
178,aug_prefix_0_1407.jpg,Non Defective
179,aug_prefix_0_1419.jpg,Non Defective
180,aug_prefix_0_1427.jpg,Non Defective
181,aug_prefix_0_1429.jpg,Non Defective
182,aug_prefix_0_1440.jpg,Non Defective
183,aug_prefix_0_1452.jpg,Non Defective
184,aug_prefix_0_1464.jpg,Non Defective
185,aug_prefix_0_1519.jpg,Non Defective
186,aug_prefix_0_1535.jpg,Non Defective
187,aug_prefix_0_1544.jpg,Non Defective
188,aug_prefix_0_1570.jpg,Non Defective
189,aug_prefix_0_1578.jpg,Non Defective
190,aug_prefix_0_1585.jpg,Non Defective
191,aug_prefix_0_1608.jpg,Non Defective
192,aug_prefix_0_1611.jpg,Non Defective
193,aug_prefix_0_1639.jpg,Non Defective
194,aug_prefix_0_1664.jpg,Non Defective
195,aug_prefix_0_1679.jpg,Non Defective
196,aug_prefix_0_1696.jpg,Non Defective
197,aug_prefix_0_1720.jpg,Non Defective
198,aug_prefix_0_1723.jpg,Non Defective
199,aug_prefix_0_1730.jpg,Non Defective
200,aug_prefix_0_1753.jpg,Non Defective
201,aug_prefix_0_1783.jpg,Non Defective
202,aug_prefix_0_1791.jpg,Non Defective
203,aug_prefix_0_1809.jpg,Non Defective
204,aug_prefix_0_1841.jpg,Non Defective
205,aug_prefix_0_1842.jpg,Non Defective
206,aug_prefix_0_1844.jpg,Non Defective
207,aug_prefix_0_1849.jpg,Non Defective
208,aug_prefix_0_1859.jpg,Non Defective
209,aug_prefix_0_1860.jpg,Non Defective
210,aug_prefix_0_1878.jpg,Non Defective
211,aug_prefix_0_1881.jpg,Non Defective
212,aug_prefix_0_1900.jpg,Non Defective
213,aug_prefix_0_191.jpg,Non Defective
214,aug_prefix_0_1911.jpg,Non Defective
215,aug_prefix_0_1917.jpg,Non Defective
216,aug_prefix_0_1934.jpg,Non Defective
217,aug_prefix_0_1970.jpg,Non Defective
218,aug_prefix_0_1986.jpg,Non Defective
219,aug_prefix_0_2021.jpg,Non Defective
220,aug_prefix_0_2043.jpg,Non Defective
221,aug_prefix_0_2071.jpg,Non Defective
222,aug_prefix_0_2085.jpg,Non Defective
223,aug_prefix_0_2152.jpg,Non Defective
224,aug_prefix_0_2186.jpg,Non Defective
225,aug_prefix_0_2206.jpg,Non Defective
226,aug_prefix_0_2209.jpg,Non Defective
227,aug_prefix_0_2224.jpg,Non Defective
228,aug_prefix_0_2228.jpg,Non Defective
229,aug_prefix_0_2230.jpg,Non Defective
230,aug_prefix_0_2241.jpg,Non Defective
231,aug_prefix_0_2244.jpg,Non Defective
232,aug_prefix_0_2245.jpg,Non Defective
233,aug_prefix_0_2251.jpg,Non Defective
234,aug_prefix_0_228.jpg,Non Defective
235,aug_prefix_0_2305.jpg,Non Defective
236,aug_prefix_0_2312.jpg,Non Defective
237,aug_prefix_0_2354.jpg,Non Defective
238,aug_prefix_0_2378.jpg,Non Defective
239,aug_prefix_0_239.jpg,Non Defective
240,aug_prefix_0_2390.jpg,Non Defective
241,aug_prefix_0_2398.jpg,Non Defective
242,aug_prefix_0_2408.jpg,Non Defective
243,aug_prefix_0_2410.jpg,Non Defective
244,aug_prefix_0_2424.jpg,Non Defective
245,aug_prefix_0_2428.jpg,Non Defective
246,aug_prefix_0_2430.jpg,Non Defective
247,aug_prefix_0_2444.jpg,Non Defective
248,aug_prefix_0_2455.jpg,Non Defective
249,aug_prefix_0_2462.jpg,Non Defective
250,aug_prefix_0_2471.jpg,Non Defective
251,aug_prefix_0_2475.jpg,Non Defective
252,aug_prefix_0_2479.jpg,Non Defective
253,aug_prefix_0_2483.jpg,Non Defective
254,aug_prefix_0_2484.jpg,Non Defective
255,aug_prefix_0_2485.jpg,Non Defective
256,aug_prefix_0_2501.jpg,Non Defective
257,aug_prefix_0_2505.jpg,Non Defective
258,aug_prefix_0_2510.jpg,Non Defective
259,aug_prefix_0_2550.jpg,Non Defective
260,aug_prefix_0_2559.jpg,Non Defective
261,aug_prefix_0_2566.jpg,Non Defective
262,aug_prefix_0_2576.jpg,Non Defective
263,aug_prefix_0_2595.jpg,Non Defective
264,aug_prefix_0_2596.jpg,Non Defective
265,aug_prefix_0_26.jpg,Non Defective
266,aug_prefix_0_2604.jpg,Non Defective
267,aug_prefix_0_2610.jpg,Non Defective
268,aug_prefix_0_2611.jpg,Non Defective
269,aug_prefix_0_2624.jpg,Non Defective
270,aug_prefix_0_2627.jpg,Non Defective
271,aug_prefix_0_2679.jpg,Non Defective
272,aug_prefix_0_2694.jpg,Non Defective
273,aug_prefix_0_2697.jpg,Non Defective
274,aug_prefix_0_2702.jpg,Non Defective
275,aug_prefix_0_2719.jpg,Non Defective
276,aug_prefix_0_2725.jpg,Non Defective
277,aug_prefix_0_2735.jpg,Non Defective
278,aug_prefix_0_2739.jpg,Non Defective
279,aug_prefix_0_2742.jpg,Non Defective
280,aug_prefix_0_2776.jpg,Non Defective
281,aug_prefix_0_2782.jpg,Non Defective
282,aug_prefix_0_2784.jpg,Non Defective
283,aug_prefix_0_2785.jpg,Non Defective
284,aug_prefix_0_2789.jpg,Non Defective
285,aug_prefix_0_2796.jpg,Non Defective
286,aug_prefix_0_2805.jpg,Non Defective
287,aug_prefix_0_2808.jpg,Non Defective
288,aug_prefix_0_2830.jpg,Non Defective
289,aug_prefix_0_2848.jpg,Non Defective
290,aug_prefix_0_2861.jpg,Non Defective
291,aug_prefix_0_2876.jpg,Non Defective
292,aug_prefix_0_289.jpg,Non Defective
293,aug_prefix_0_2896.jpg,Non Defective
294,aug_prefix_0_2921.jpg,Non Defective
295,aug_prefix_0_2929.jpg,Non Defective
296,aug_prefix_0_2966.jpg,Non Defective
297,aug_prefix_0_2968.jpg,Non Defective
298,aug_prefix_0_2975.jpg,Non Defective
299,aug_prefix_0_2979.jpg,Non Defective
300,aug_prefix_0_30.jpg,Non Defective
301,aug_prefix_0_3011.jpg,Non Defective
302,aug_prefix_0_3049.jpg,Non Defective
303,aug_prefix_0_3077.jpg,Non Defective
304,aug_prefix_0_3091.jpg,Non Defective
305,aug_prefix_0_3093.jpg,Non Defective
306,aug_prefix_0_3097.jpg,Non Defective
307,aug_prefix_0_3110.jpg,Non Defective
308,aug_prefix_0_3117.jpg,Non Defective
309,aug_prefix_0_3126.jpg,Non Defective
310,aug_prefix_0_3128.jpg,Non Defective
311,aug_prefix_0_314.jpg,Non Defective
312,aug_prefix_0_3184.jpg,Non Defective
313,aug_prefix_0_3209.jpg,Non Defective
314,aug_prefix_0_324.jpg,Non Defective
315,aug_prefix_0_3243.jpg,Non Defective
316,aug_prefix_0_3258.jpg,Non Defective
317,aug_prefix_0_3277.jpg,Non Defective
318,aug_prefix_0_3305.jpg,Non Defective
319,aug_prefix_0_3325.jpg,Non Defective
320,aug_prefix_0_3344.jpg,Non Defective
321,aug_prefix_0_3362.jpg,Non Defective
322,aug_prefix_0_3363.jpg,Non Defective
323,aug_prefix_0_3388.jpg,Non Defective
324,aug_prefix_0_3401.jpg,Non Defective
325,aug_prefix_0_3427.jpg,Non Defective
326,aug_prefix_0_3448.jpg,Non Defective
327,aug_prefix_0_3456.jpg,Non Defective
328,aug_prefix_0_3480.jpg,Non Defective
329,aug_prefix_0_351.jpg,Non Defective
330,aug_prefix_0_3544.jpg,Non Defective
331,aug_prefix_0_3561.jpg,Non Defective
332,aug_prefix_0_3567.jpg,Non Defective
333,aug_prefix_0_3594.jpg,Non Defective
334,aug_prefix_0_3617.jpg,Non Defective
335,aug_prefix_0_3626.jpg,Non Defective
336,aug_prefix_0_3638.jpg,Non Defective
337,aug_prefix_0_3671.jpg,Non Defective
338,aug_prefix_0_3673.jpg,Non Defective
339,aug_prefix_0_3676.jpg,Non Defective
340,aug_prefix_0_3679.jpg,Non Defective
341,aug_prefix_0_3680.jpg,Non Defective
342,aug_prefix_0_3682.jpg,Non Defective
343,aug_prefix_0_3692.jpg,Non Defective
344,aug_prefix_0_3717.jpg,Non Defective
345,aug_prefix_0_3769.jpg,Non Defective
346,aug_prefix_0_38.jpg,Non Defective
347,aug_prefix_0_386.jpg,Non Defective
348,aug_prefix_0_3877.jpg,Non Defective
349,aug_prefix_0_3891.jpg,Non Defective
350,aug_prefix_0_3898.jpg,Non Defective
351,aug_prefix_0_3899.jpg,Non Defective
352,aug_prefix_0_39.jpg,Non Defective
353,aug_prefix_0_3910.jpg,Non Defective
354,aug_prefix_0_3911.jpg,Non Defective
355,aug_prefix_0_3912.jpg,Non Defective
356,aug_prefix_0_3927.jpg,Non Defective
357,aug_prefix_0_3932.jpg,Non Defective
358,aug_prefix_0_3945.jpg,Non Defective
359,aug_prefix_0_3961.jpg,Non Defective
360,aug_prefix_0_397.jpg,Non Defective
361,aug_prefix_0_3974.jpg,Non Defective
362,aug_prefix_0_4003.jpg,Non Defective
363,aug_prefix_0_4004.jpg,Non Defective
364,aug_prefix_0_4014.jpg,Non Defective
365,aug_prefix_0_4018.jpg,Non Defective
366,aug_prefix_0_4038.jpg,Non Defective
367,aug_prefix_0_4060.jpg,Non Defective
368,aug_prefix_0_4075.jpg,Non Defective
369,aug_prefix_0_4079.jpg,Non Defective
370,aug_prefix_0_4085.jpg,Non Defective
371,aug_prefix_0_4126.jpg,Non Defective
372,aug_prefix_0_4137.jpg,Non Defective
373,aug_prefix_0_4151.jpg,Non Defective
374,aug_prefix_0_4156.jpg,Non Defective
375,aug_prefix_0_4222.jpg,Non Defective
376,aug_prefix_0_4228.jpg,Non Defective
377,aug_prefix_0_4242.jpg,Non Defective
378,aug_prefix_0_4247.jpg,Non Defective
379,aug_prefix_0_4253.jpg,Non Defective
380,aug_prefix_0_4259.jpg,Non Defective
381,aug_prefix_0_4265.jpg,Non Defective
382,aug_prefix_0_4270.jpg,Non Defective
383,aug_prefix_0_428.jpg,Non Defective
384,aug_prefix_0_4286.jpg,Non Defective
385,aug_prefix_0_4297.jpg,Non Defective
386,aug_prefix_0_4313.jpg,Non Defective
387,aug_prefix_0_4324.jpg,Non Defective
388,aug_prefix_0_4331.jpg,Non Defective
389,aug_prefix_0_435.jpg,Non Defective
390,aug_prefix_0_4350.jpg,Non Defective
391,aug_prefix_0_4362.jpg,Non Defective
392,aug_prefix_0_4384.jpg,Non Defective
393,aug_prefix_0_4388.jpg,Non Defective
394,aug_prefix_0_4394.jpg,Non Defective
395,aug_prefix_0_4400.jpg,Non Defective
396,aug_prefix_0_4424.jpg,Non Defective
397,aug_prefix_0_4461.jpg,Non Defective
398,aug_prefix_0_4491.jpg,Non Defective
399,aug_prefix_0_4500.jpg,Non Defective
400,aug_prefix_0_4513.jpg,Non Defective
401,aug_prefix_0_4544.jpg,Non Defective
402,aug_prefix_0_4547.jpg,Non Defective
403,aug_prefix_0_4554.jpg,Non Defective
404,aug_prefix_0_4608.jpg,Non Defective
405,aug_prefix_0_464.jpg,Non Defective
406,aug_prefix_0_4665.jpg,Non Defective
407,aug_prefix_0_47.jpg,Non Defective
408,aug_prefix_0_4700.jpg,Non Defective
409,aug_prefix_0_4705.jpg,Non Defective
410,aug_prefix_0_4716.jpg,Non Defective
411,aug_prefix_0_4752.jpg,Non Defective
412,aug_prefix_0_4789.jpg,Non Defective
413,aug_prefix_0_4803.jpg,Non Defective
414,aug_prefix_0_4808.jpg,Non Defective
415,aug_prefix_0_4813.jpg,Non Defective
416,aug_prefix_0_4815.jpg,Non Defective
417,aug_prefix_0_4820.jpg,Non Defective
418,aug_prefix_0_4891.jpg,Non Defective
419,aug_prefix_0_4896.jpg,Non Defective
420,aug_prefix_0_4937.jpg,Non Defective
421,aug_prefix_0_495.jpg,Non Defective
422,aug_prefix_0_4959.jpg,Non Defective
423,aug_prefix_0_4991.jpg,Non Defective
424,aug_prefix_0_4994.jpg,Non Defective
425,aug_prefix_0_5011.jpg,Non Defective
426,aug_prefix_0_5013.jpg,Non Defective
427,aug_prefix_0_5021.jpg,Non Defective
428,aug_prefix_0_5032.jpg,Non Defective
429,aug_prefix_0_5042.jpg,Non Defective
430,aug_prefix_0_5044.jpg,Non Defective
431,aug_prefix_0_5055.jpg,Non Defective
432,aug_prefix_0_509.jpg,Non Defective
433,aug_prefix_0_5106.jpg,Non Defective
434,aug_prefix_0_5133.jpg,Non Defective
435,aug_prefix_0_5143.jpg,Non Defective
436,aug_prefix_0_5180.jpg,Non Defective
437,aug_prefix_0_5186.jpg,Non Defective
438,aug_prefix_0_5242.jpg,Non Defective
439,aug_prefix_0_5271.jpg,Non Defective
440,aug_prefix_0_5272.jpg,Non Defective
441,aug_prefix_0_5279.jpg,Non Defective
442,aug_prefix_0_5299.jpg,Non Defective
443,aug_prefix_0_5330.jpg,Non Defective
444,aug_prefix_0_5345.jpg,Non Defective
445,aug_prefix_0_5371.jpg,Non Defective
446,aug_prefix_0_5378.jpg,Non Defective
447,aug_prefix_0_538.jpg,Non Defective
448,aug_prefix_0_5512.jpg,Non Defective
449,aug_prefix_0_552.jpg,Non Defective
450,aug_prefix_0_5521.jpg,Non Defective
451,aug_prefix_0_5544.jpg,Non Defective
452,aug_prefix_0_5580.jpg,Non Defective
453,aug_prefix_0_5604.jpg,Non Defective
454,aug_prefix_0_5606.jpg,Non Defective
455,aug_prefix_0_5615.jpg,Non Defective
456,aug_prefix_0_5617.jpg,Non Defective
457,aug_prefix_0_5632.jpg,Non Defective
458,aug_prefix_0_5682.jpg,Non Defective
459,aug_prefix_0_5693.jpg,Non Defective
460,aug_prefix_0_5701.jpg,Non Defective
461,aug_prefix_0_5705.jpg,Non Defective
462,aug_prefix_0_5709.jpg,Non Defective
463,aug_prefix_0_5749.jpg,Non Defective
464,aug_prefix_0_5769.jpg,Non Defective
465,aug_prefix_0_5809.jpg,Non Defective
466,aug_prefix_0_5847.jpg,Non Defective
467,aug_prefix_0_5859.jpg,Non Defective
468,aug_prefix_0_5881.jpg,Non Defective
469,aug_prefix_0_5903.jpg,Non Defective
470,aug_prefix_0_5904.jpg,Non Defective
471,aug_prefix_0_5909.jpg,Non Defective
472,aug_prefix_0_5918.jpg,Non Defective
473,aug_prefix_0_5926.jpg,Non Defective
474,aug_prefix_0_5928.jpg,Non Defective
475,aug_prefix_0_5935.jpg,Non Defective
476,aug_prefix_0_5948.jpg,Non Defective
477,aug_prefix_0_5966.jpg,Non Defective
478,aug_prefix_0_5976.jpg,Non Defective
479,aug_prefix_0_5985.jpg,Non Defective
480,aug_prefix_0_599.jpg,Non Defective
481,aug_prefix_0_6047.jpg,Non Defective
482,aug_prefix_0_6056.jpg,Non Defective
483,aug_prefix_0_6063.jpg,Non Defective
484,aug_prefix_0_6071.jpg,Non Defective
485,aug_prefix_0_6072.jpg,Non Defective
486,aug_prefix_0_6079.jpg,Non Defective
487,aug_prefix_0_6082.jpg,Non Defective
488,aug_prefix_0_6083.jpg,Non Defective
489,aug_prefix_0_6087.jpg,Non Defective
490,aug_prefix_0_6100.jpg,Non Defective
491,aug_prefix_0_6114.jpg,Non Defective
492,aug_prefix_0_612.jpg,Non Defective
493,aug_prefix_0_6141.jpg,Non Defective
494,aug_prefix_0_6143.jpg,Non Defective
495,aug_prefix_0_6145.jpg,Non Defective
496,aug_prefix_0_6182.jpg,Non Defective
497,aug_prefix_0_6189.jpg,Non Defective
498,aug_prefix_0_6198.jpg,Non Defective
499,aug_prefix_0_6218.jpg,Non Defective
500,aug_prefix_0_6220.jpg,Non Defective
501,aug_prefix_0_6231.jpg,Non Defective
502,aug_prefix_0_625.jpg,Non Defective
503,aug_prefix_0_6271.jpg,Non Defective
504,aug_prefix_0_6310.jpg,Non Defective
505,aug_prefix_0_6326.jpg,Non Defective
506,aug_prefix_0_6327.jpg,Non Defective
507,aug_prefix_0_6330.jpg,Non Defective
508,aug_prefix_0_6338.jpg,Non Defective
509,aug_prefix_0_6360.jpg,Non Defective
510,aug_prefix_0_6363.jpg,Non Defective
511,aug_prefix_0_6368.jpg,Non Defective
512,aug_prefix_0_6381.jpg,Non Defective
513,aug_prefix_0_6400.jpg,Non Defective
514,aug_prefix_0_6418.jpg,Non Defective
515,aug_prefix_0_6433.jpg,Non Defective
516,aug_prefix_0_6436.jpg,Non Defective
517,aug_prefix_0_6438.jpg,Non Defective
518,aug_prefix_0_6446.jpg,Non Defective
519,aug_prefix_0_647.jpg,Non Defective
520,aug_prefix_0_6487.jpg,Non Defective
521,aug_prefix_0_6489.jpg,Non Defective
522,aug_prefix_0_6513.jpg,Non Defective
523,aug_prefix_0_6516.jpg,Non Defective
524,aug_prefix_0_652.jpg,Non Defective
525,aug_prefix_0_6527.jpg,Non Defective
526,aug_prefix_0_656.jpg,Non Defective
527,aug_prefix_0_6566.jpg,Non Defective
528,aug_prefix_0_6617.jpg,Non Defective
529,aug_prefix_0_6619.jpg,Non Defective
530,aug_prefix_0_663.jpg,Non Defective
531,aug_prefix_0_6637.jpg,Non Defective
532,aug_prefix_0_6640.jpg,Non Defective
533,aug_prefix_0_6655.jpg,Non Defective
534,aug_prefix_0_6662.jpg,Non Defective
535,aug_prefix_0_6667.jpg,Non Defective
536,aug_prefix_0_6695.jpg,Non Defective
537,aug_prefix_0_670.jpg,Non Defective
538,aug_prefix_0_6731.jpg,Non Defective
539,aug_prefix_0_6746.jpg,Non Defective
540,aug_prefix_0_6766.jpg,Non Defective
541,aug_prefix_0_6813.jpg,Non Defective
542,aug_prefix_0_6815.jpg,Non Defective
543,aug_prefix_0_682.jpg,Non Defective
544,aug_prefix_0_6845.jpg,Non Defective
545,aug_prefix_0_6867.jpg,Non Defective
546,aug_prefix_0_6891.jpg,Non Defective
547,aug_prefix_0_6897.jpg,Non Defective
548,aug_prefix_0_6942.jpg,Non Defective
549,aug_prefix_0_6943.jpg,Non Defective
550,aug_prefix_0_695.jpg,Non Defective
551,aug_prefix_0_6959.jpg,Non Defective
552,aug_prefix_0_697.jpg,Non Defective
553,aug_prefix_0_6991.jpg,Non Defective
554,aug_prefix_0_7001.jpg,Non Defective
555,aug_prefix_0_701.jpg,Non Defective
556,aug_prefix_0_705.jpg,Non Defective
557,aug_prefix_0_7083.jpg,Non Defective
558,aug_prefix_0_7084.jpg,Non Defective
559,aug_prefix_0_7086.jpg,Non Defective
560,aug_prefix_0_7105.jpg,Non Defective
561,aug_prefix_0_7115.jpg,Non Defective
562,aug_prefix_0_7117.jpg,Non Defective
563,aug_prefix_0_7121.jpg,Non Defective
564,aug_prefix_0_7122.jpg,Non Defective
565,aug_prefix_0_7125.jpg,Non Defective
566,aug_prefix_0_7173.jpg,Non Defective
567,aug_prefix_0_7174.jpg,Non Defective
568,aug_prefix_0_7179.jpg,Non Defective
569,aug_prefix_0_7185.jpg,Non Defective
570,aug_prefix_0_7188.jpg,Non Defective
571,aug_prefix_0_7198.jpg,Non Defective
572,aug_prefix_0_7204.jpg,Non Defective
573,aug_prefix_0_7225.jpg,Non Defective
574,aug_prefix_0_7227.jpg,Non Defective
575,aug_prefix_0_7229.jpg,Non Defective
576,aug_prefix_0_7237.jpg,Non Defective
577,aug_prefix_0_7244.jpg,Non Defective
578,aug_prefix_0_7258.jpg,Non Defective
579,aug_prefix_0_7268.jpg,Non Defective
580,aug_prefix_0_7309.jpg,Non Defective
581,aug_prefix_0_734.jpg,Non Defective
582,aug_prefix_0_7358.jpg,Non Defective
583,aug_prefix_0_7359.jpg,Non Defective
584,aug_prefix_0_7361.jpg,Non Defective
585,aug_prefix_0_7366.jpg,Non Defective
586,aug_prefix_0_7377.jpg,Non Defective
587,aug_prefix_0_7380.jpg,Non Defective
588,aug_prefix_0_7396.jpg,Non Defective
589,aug_prefix_0_7433.jpg,Non Defective
590,aug_prefix_0_7434.jpg,Non Defective
591,aug_prefix_0_7437.jpg,Non Defective
592,aug_prefix_0_744.jpg,Non Defective
593,aug_prefix_0_7451.jpg,Non Defective
594,aug_prefix_0_7473.jpg,Non Defective
595,aug_prefix_0_7479.jpg,Non Defective
596,aug_prefix_0_7482.jpg,Non Defective
597,aug_prefix_0_7487.jpg,Non Defective
598,aug_prefix_0_7500.jpg,Non Defective
599,aug_prefix_0_7512.jpg,Non Defective
600,aug_prefix_0_7519.jpg,Non Defective
601,aug_prefix_0_7530.jpg,Non Defective
602,aug_prefix_0_7545.jpg,Non Defective
603,aug_prefix_0_7560.jpg,Non Defective
604,aug_prefix_0_7576.jpg,Non Defective
605,aug_prefix_0_7580.jpg,Non Defective
606,aug_prefix_0_7593.jpg,Non Defective
607,aug_prefix_0_7618.jpg,Non Defective
608,aug_prefix_0_7630.jpg,Non Defective
609,aug_prefix_0_7700.jpg,Non Defective
610,aug_prefix_0_7747.jpg,Non Defective
611,aug_prefix_0_7754.jpg,Non Defective
612,aug_prefix_0_7756.jpg,Non Defective
613,aug_prefix_0_7759.jpg,Non Defective
614,aug_prefix_0_7768.jpg,Non Defective
615,aug_prefix_0_7813.jpg,Non Defective
616,aug_prefix_0_7815.jpg,Non Defective
617,aug_prefix_0_7837.jpg,Non Defective
618,aug_prefix_0_7841.jpg,Non Defective
619,aug_prefix_0_7845.jpg,Non Defective
620,aug_prefix_0_7874.jpg,Non Defective
621,aug_prefix_0_7893.jpg,Non Defective
622,aug_prefix_0_7895.jpg,Non Defective
623,aug_prefix_0_7908.jpg,Non Defective
624,aug_prefix_0_7912.jpg,Non Defective
625,aug_prefix_0_7963.jpg,Non Defective
626,aug_prefix_0_7968.jpg,Non Defective
627,aug_prefix_0_8025.jpg,Non Defective
628,aug_prefix_0_8038.jpg,Non Defective
629,aug_prefix_0_8052.jpg,Non Defective
630,aug_prefix_0_8062.jpg,Non Defective
631,aug_prefix_0_808.jpg,Non Defective
632,aug_prefix_0_8134.jpg,Non Defective
633,aug_prefix_0_8135.jpg,Non Defective
634,aug_prefix_0_8190.jpg,Non Defective
635,aug_prefix_0_821.jpg,Non Defective
636,aug_prefix_0_8217.jpg,Non Defective
637,aug_prefix_0_8235.jpg,Non Defective
638,aug_prefix_0_8239.jpg,Non Defective
639,aug_prefix_0_8294.jpg,Non Defective
640,aug_prefix_0_8322.jpg,Non Defective
641,aug_prefix_0_8387.jpg,Non Defective
642,aug_prefix_0_8411.jpg,Non Defective
643,aug_prefix_0_843.jpg,Non Defective
644,aug_prefix_0_8447.jpg,Non Defective
645,aug_prefix_0_8458.jpg,Non Defective
646,aug_prefix_0_8460.jpg,Non Defective
647,aug_prefix_0_8490.jpg,Non Defective
648,aug_prefix_0_8550.jpg,Non Defective
649,aug_prefix_0_8567.jpg,Non Defective
650,aug_prefix_0_8587.jpg,Non Defective
651,aug_prefix_0_8619.jpg,Non Defective
652,aug_prefix_0_8625.jpg,Non Defective
653,aug_prefix_0_8643.jpg,Non Defective
654,aug_prefix_0_8647.jpg,Non Defective
655,aug_prefix_0_8678.jpg,Non Defective
656,aug_prefix_0_8680.jpg,Non Defective
657,aug_prefix_0_8694.jpg,Non Defective
658,aug_prefix_0_8699.jpg,Non Defective
659,aug_prefix_0_8717.jpg,Non Defective
660,aug_prefix_0_8742.jpg,Non Defective
661,aug_prefix_0_8772.jpg,Non Defective
662,aug_prefix_0_8787.jpg,Non Defective
663,aug_prefix_0_8800.jpg,Non Defective
664,aug_prefix_0_8840.jpg,Non Defective
665,aug_prefix_0_8847.jpg,Non Defective
666,aug_prefix_0_885.jpg,Non Defective
667,aug_prefix_0_886.jpg,Non Defective
668,aug_prefix_0_8871.jpg,Non Defective
669,aug_prefix_0_8954.jpg,Non Defective
670,aug_prefix_0_8959.jpg,Non Defective
671,aug_prefix_0_898.jpg,Non Defective
672,aug_prefix_0_8981.jpg,Non Defective
673,aug_prefix_0_9007.jpg,Non Defective
674,aug_prefix_0_9018.jpg,Non Defective
675,aug_prefix_0_9026.jpg,Non Defective
676,aug_prefix_0_9049.jpg,Non Defective
677,aug_prefix_0_9055.jpg,Non Defective
678,aug_prefix_0_9069.jpg,Non Defective
679,aug_prefix_0_9119.jpg,Non Defective
680,aug_prefix_0_9135.jpg,Non Defective
681,aug_prefix_0_914.jpg,Non Defective
682,aug_prefix_0_9164.jpg,Non Defective
683,aug_prefix_0_9167.jpg,Non Defective
684,aug_prefix_0_9173.jpg,Non Defective
685,aug_prefix_0_9205.jpg,Non Defective
686,aug_prefix_0_9207.jpg,Non Defective
687,aug_prefix_0_9213.jpg,Non Defective
688,aug_prefix_0_9222.jpg,Non Defective
689,aug_prefix_0_9231.jpg,Non Defective
690,aug_prefix_0_9232.jpg,Non Defective
691,aug_prefix_0_9237.jpg,Non Defective
692,aug_prefix_0_9242.jpg,Non Defective
693,aug_prefix_0_9243.jpg,Non Defective
694,aug_prefix_0_9250.jpg,Non Defective
695,aug_prefix_0_9276.jpg,Non Defective
696,aug_prefix_0_9279.jpg,Non Defective
697,aug_prefix_0_9285.jpg,Non Defective
698,aug_prefix_0_9300.jpg,Non Defective
699,aug_prefix_0_9316.jpg,Non Defective
700,aug_prefix_0_9344.jpg,Non Defective
701,aug_prefix_0_9345.jpg,Non Defective
702,aug_prefix_0_9354.jpg,Non Defective
703,aug_prefix_0_9379.jpg,Non Defective
704,aug_prefix_0_9396.jpg,Non Defective
705,aug_prefix_0_9423.jpg,Non Defective
706,aug_prefix_0_9428.jpg,Non Defective
707,aug_prefix_0_9439.jpg,Non Defective
708,aug_prefix_0_944.jpg,Non Defective
709,aug_prefix_0_9448.jpg,Non Defective
710,aug_prefix_0_9449.jpg,Non Defective
711,aug_prefix_0_9458.jpg,Non Defective
712,aug_prefix_0_949.jpg,Non Defective
713,aug_prefix_0_9498.jpg,Non Defective
714,aug_prefix_0_9514.jpg,Non Defective
715,aug_prefix_0_952.jpg,Non Defective
716,aug_prefix_0_9524.jpg,Non Defective
717,aug_prefix_0_9529.jpg,Non Defective
718,aug_prefix_0_9539.jpg,Non Defective
719,aug_prefix_0_9576.jpg,Non Defective
720,aug_prefix_0_9593.jpg,Non Defective
721,aug_prefix_0_9646.jpg,Non Defective
722,aug_prefix_0_9681.jpg,Non Defective
723,aug_prefix_0_970.jpg,Non Defective
724,aug_prefix_0_9713.jpg,Non Defective
725,aug_prefix_0_9746.jpg,Non Defective
726,aug_prefix_0_9754.jpg,Non Defective
727,aug_prefix_0_9809.jpg,Non Defective
728,aug_prefix_0_9828.jpg,Non Defective
729,aug_prefix_0_9833.jpg,Non Defective
730,aug_prefix_0_9844.jpg,Non Defective
731,aug_prefix_0_9852.jpg,Non Defective
732,aug_prefix_0_9907.jpg,Non Defective
733,aug_prefix_0_9933.jpg,Non Defective
734,aug_prefix_0_9994.jpg,Non Defective
0,IMG_20201114_102102.jpg,Defective
1,IMG_20201114_102122.jpg,Defective
2,IMG_20201114_102159.jpg,Defective
3,IMG_20201114_102211.jpg,Defective
4,IMG_20201114_102334.jpg,Defective
5,IMG_20201114_102344.jpg,Defective
6,IMG_20201114_102417.jpg,Defective
7,IMG_20201114_102736.jpg,Defective
8,IMG_20201114_102818.jpg,Defective
9,IMG_20201114_102932.jpg,Defective
10,IMG_20201114_102942.jpg,Defective
11,IMG_20201114_103106.jpg,Defective
12,IMG_20201211_121218.jpg,Defective
13,IMG_20201211_121249.jpg,Defective
14,IMG_20201211_121324.jpg,Defective
15,IMG_20201211_121327.jpg,Defective
16,IMG_20201211_121328.jpg,Defective
17,IMG_20201211_121329.jpg,Defective
18,IMG_20201211_121346.jpg,Defective
19,IMG_20201211_121349.jpg,Defective
20,IMG_20201211_121358.jpg,Defective
21,IMG_20201211_121358_1.jpg,Defective
22,IMG_20201211_121524.jpg,Defective
23,IMG_20201211_121528.jpg,Defective
24,IMG_20201211_121538.jpg,Defective
25,IMG_20201211_121540.jpg,Defective
26,IMG_20201211_121541.jpg,Defective
27,IMG_20201211_121542.jpg,Defective
28,IMG_20201211_121655.jpg,Defective
29,IMG_20201211_121657.jpg,Defective
30,IMG_20201211_121703.jpg,Defective
31,IMG_20201211_121709.jpg,Defective
32,aug_prefix_0_1149.jpg,Defective
33,aug_prefix_0_1152.jpg,Defective
34,aug_prefix_0_1391.jpg,Defective
35,aug_prefix_0_1396.jpg,Defective
36,aug_prefix_0_1482.jpg,Defective
37,aug_prefix_0_162.jpg,Defective
38,aug_prefix_0_1741.jpg,Defective
39,aug_prefix_0_1744.jpg,Defective
40,aug_prefix_0_1757.jpg,Defective
41,aug_prefix_0_1813.jpg,Defective
42,aug_prefix_0_1818.jpg,Defective
43,aug_prefix_0_1857.jpg,Defective
44,aug_prefix_0_200.jpg,Defective
45,aug_prefix_0_2087.jpg,Defective
46,aug_prefix_0_2210.jpg,Defective
47,aug_prefix_0_2246.jpg,Defective
48,aug_prefix_0_2250.jpg,Defective
49,aug_prefix_0_2780.jpg,Defective
50,aug_prefix_0_2782.jpg,Defective
51,aug_prefix_0_2972.jpg,Defective
52,aug_prefix_0_3061.jpg,Defective
53,aug_prefix_0_3121.jpg,Defective
54,aug_prefix_0_3212.jpg,Defective
55,aug_prefix_0_3232.jpg,Defective
56,aug_prefix_0_3262.jpg,Defective
57,aug_prefix_0_330.jpg,Defective
58,aug_prefix_0_3335.jpg,Defective
59,aug_prefix_0_3342.jpg,Defective
60,aug_prefix_0_3426.jpg,Defective
61,aug_prefix_0_3433.jpg,Defective
62,aug_prefix_0_3553.jpg,Defective
63,aug_prefix_0_3860.jpg,Defective
64,aug_prefix_0_3923.jpg,Defective
65,aug_prefix_0_3953.jpg,Defective
66,aug_prefix_0_4112.jpg,Defective
67,aug_prefix_0_4139.jpg,Defective
68,aug_prefix_0_4147.jpg,Defective
69,aug_prefix_0_4178.jpg,Defective
70,aug_prefix_0_4197.jpg,Defective
71,aug_prefix_0_4466.jpg,Defective
72,aug_prefix_0_4478.jpg,Defective
73,aug_prefix_0_4641.jpg,Defective
74,aug_prefix_0_4740.jpg,Defective
75,aug_prefix_0_4743.jpg,Defective
76,aug_prefix_0_4748.jpg,Defective
77,aug_prefix_0_4806.jpg,Defective
78,aug_prefix_0_4826.jpg,Defective
79,aug_prefix_0_4875.jpg,Defective
80,aug_prefix_0_4889.jpg,Defective
81,aug_prefix_0_4913.jpg,Defective
82,aug_prefix_0_4945.jpg,Defective
83,aug_prefix_0_5029.jpg,Defective
84,aug_prefix_0_5187.jpg,Defective
85,aug_prefix_0_519.jpg,Defective
86,aug_prefix_0_5200.jpg,Defective
87,aug_prefix_0_523.jpg,Defective
88,aug_prefix_0_5230.jpg,Defective
89,aug_prefix_0_5272.jpg,Defective
90,aug_prefix_0_5389.jpg,Defective
91,aug_prefix_0_5419.jpg,Defective
92,aug_prefix_0_5427.jpg,Defective
93,aug_prefix_0_553.jpg,Defective
94,aug_prefix_0_556.jpg,Defective
95,aug_prefix_0_5627.jpg,Defective
96,aug_prefix_0_5687.jpg,Defective
97,aug_prefix_0_5693.jpg,Defective
98,aug_prefix_0_5766.jpg,Defective
99,aug_prefix_0_5889.jpg,Defective
100,aug_prefix_0_5908.jpg,Defective
101,aug_prefix_0_5952.jpg,Defective
102,aug_prefix_0_6027.jpg,Defective
103,aug_prefix_0_6066.jpg,Defective
104,aug_prefix_0_6071.jpg,Defective
105,aug_prefix_0_6136.jpg,Defective
106,aug_prefix_0_6262.jpg,Defective
107,aug_prefix_0_6476.jpg,Defective
108,aug_prefix_0_6488.jpg,Defective
109,aug_prefix_0_6532.jpg,Defective
110,aug_prefix_0_6654.jpg,Defective
111,aug_prefix_0_6790.jpg,Defective
112,aug_prefix_0_686.jpg,Defective
113,aug_prefix_0_687.jpg,Defective
114,aug_prefix_0_688.jpg,Defective
115,aug_prefix_0_6885.jpg,Defective
116,aug_prefix_0_6937.jpg,Defective
117,aug_prefix_0_6979.jpg,Defective
118,aug_prefix_0_7100.jpg,Defective
119,aug_prefix_0_7307.jpg,Defective
120,aug_prefix_0_7323.jpg,Defective
121,aug_prefix_0_7364.jpg,Defective
122,aug_prefix_0_7405.jpg,Defective
123,aug_prefix_0_7436.jpg,Defective
124,aug_prefix_0_7453.jpg,Defective
125,aug_prefix_0_7478.jpg,Defective
126,aug_prefix_0_7537.jpg,Defective
127,aug_prefix_0_7782.jpg,Defective
128,aug_prefix_0_7870.jpg,Defective
129,aug_prefix_0_802.jpg,Defective
130,aug_prefix_0_8133.jpg,Defective
131,aug_prefix_0_8148.jpg,Defective
132,aug_prefix_0_8162.jpg,Defective
133,aug_prefix_0_8246.jpg,Defective
134,aug_prefix_0_8266.jpg,Defective
135,aug_prefix_0_8354.jpg,Defective
136,aug_prefix_0_8365.jpg,Defective
137,aug_prefix_0_848.jpg,Defective
138,aug_prefix_0_8528.jpg,Defective
139,aug_prefix_0_8571.jpg,Defective
140,aug_prefix_0_8677.jpg,Defective
141,aug_prefix_0_8698.jpg,Defective
142,aug_prefix_0_8807.jpg,Defective
143,aug_prefix_0_889.jpg,Defective
144,aug_prefix_0_8896.jpg,Defective
145,aug_prefix_0_8900.jpg,Defective
146,aug_prefix_0_8905.jpg,Defective
147,aug_prefix_0_908.jpg,Defective
148,aug_prefix_0_9159.jpg,Defective
149,aug_prefix_0_9167.jpg,Defective
150,aug_prefix_0_9253.jpg,Defective
151,aug_prefix_0_928.jpg,Defective
152,aug_prefix_0_9481.jpg,Defective
153,aug_prefix_0_9485.jpg,Defective
154,aug_prefix_0_9505.jpg,Defective
155,aug_prefix_0_952.jpg,Defective
156,aug_prefix_0_9657.jpg,Defective
157,aug_prefix_0_9772.jpg,Defective
158,aug_prefix_0_9887.jpg,Defective
0,IMG_20201114_100431.jpg,Non Defective
1,IMG_20201114_100450.jpg,Non Defective
2,IMG_20201114_100452.jpg,Non Defective
3,IMG_20201114_100546.jpg,Non Defective
4,IMG_20201114_100552.jpg,Non Defective
5,IMG_20201114_100758.jpg,Non Defective
6,IMG_20201114_100806.jpg,Non Defective
7,IMG_20201114_100844.jpg,Non Defective
8,IMG_20201114_100859.jpg,Non Defective
9,IMG_20201114_100901.jpg,Non Defective
10,IMG_20201114_100917.jpg,Non Defective
11,IMG_20201114_100923.jpg,Non Defective
12,IMG_20201114_100924.jpg,Non Defective
13,IMG_20201114_100930.jpg,Non Defective
14,IMG_20201114_101021.jpg,Non Defective
15,IMG_20201114_101035.jpg,Non Defective
16,IMG_20201114_101509.jpg,Non Defective
17,IMG_20201114_101522.jpg,Non Defective
18,IMG_20201114_101555.jpg,Non Defective
19,IMG_20201114_101603.jpg,Non Defective
20,IMG_20201114_101617.jpg,Non Defective
21,IMG_20201114_101647.jpg,Non Defective
22,IMG_20201114_101712.jpg,Non Defective
23,IMG_20201114_101749.jpg,Non Defective
24,IMG_20201114_101805.jpg,Non Defective
25,IMG_20201114_101817.jpg,Non Defective
26,IMG_20201114_101851.jpg,Non Defective
27,IMG_20201114_101914.jpg,Non Defective
28,IMG_20201114_101a09.jpg,Non Defective
29,IMG_20201114_102249.jpg,Non Defective
30,IMG_20201114_102306.jpg,Non Defective
31,IMG_202011a14_100806.jpg,Non Defective
32,aug_prefix_0_1147.jpg,Non Defective
33,aug_prefix_0_1154.jpg,Non Defective
34,aug_prefix_0_1162.jpg,Non Defective
35,aug_prefix_0_1272.jpg,Non Defective
36,aug_prefix_0_1330.jpg,Non Defective
37,aug_prefix_0_1386.jpg,Non Defective
38,aug_prefix_0_1412.jpg,Non Defective
39,aug_prefix_0_1508.jpg,Non Defective
40,aug_prefix_0_1537.jpg,Non Defective
41,aug_prefix_0_1729.jpg,Non Defective
42,aug_prefix_0_1739.jpg,Non Defective
43,aug_prefix_0_1851.jpg,Non Defective
44,aug_prefix_0_2101.jpg,Non Defective
45,aug_prefix_0_2190.jpg,Non Defective
46,aug_prefix_0_2231.jpg,Non Defective
47,aug_prefix_0_2305.jpg,Non Defective
48,aug_prefix_0_2361.jpg,Non Defective
49,aug_prefix_0_2468.jpg,Non Defective
50,aug_prefix_0_2475.jpg,Non Defective
51,aug_prefix_0_2493.jpg,Non Defective
52,aug_prefix_0_2518.jpg,Non Defective
53,aug_prefix_0_2647.jpg,Non Defective
54,aug_prefix_0_2658.jpg,Non Defective
55,aug_prefix_0_2747.jpg,Non Defective
56,aug_prefix_0_2874.jpg,Non Defective
57,aug_prefix_0_2908.jpg,Non Defective
58,aug_prefix_0_2958.jpg,Non Defective
59,aug_prefix_0_2969.jpg,Non Defective
60,aug_prefix_0_3220.jpg,Non Defective
61,aug_prefix_0_3302.jpg,Non Defective
62,aug_prefix_0_3392.jpg,Non Defective
63,aug_prefix_0_34.jpg,Non Defective
64,aug_prefix_0_3563.jpg,Non Defective
65,aug_prefix_0_3711.jpg,Non Defective
66,aug_prefix_0_3748.jpg,Non Defective
67,aug_prefix_0_3957.jpg,Non Defective
68,aug_prefix_0_4052.jpg,Non Defective
69,aug_prefix_0_4066.jpg,Non Defective
70,aug_prefix_0_4168.jpg,Non Defective
71,aug_prefix_0_4169.jpg,Non Defective
72,aug_prefix_0_419.jpg,Non Defective
73,aug_prefix_0_4216.jpg,Non Defective
74,aug_prefix_0_426.jpg,Non Defective
75,aug_prefix_0_4284.jpg,Non Defective
76,aug_prefix_0_4307.jpg,Non Defective
77,aug_prefix_0_4487.jpg,Non Defective
78,aug_prefix_0_4613.jpg,Non Defective
79,aug_prefix_0_4624.jpg,Non Defective
80,aug_prefix_0_4632.jpg,Non Defective
81,aug_prefix_0_4637.jpg,Non Defective
82,aug_prefix_0_4696.jpg,Non Defective
83,aug_prefix_0_4868.jpg,Non Defective
84,aug_prefix_0_4917.jpg,Non Defective
85,aug_prefix_0_500.jpg,Non Defective
86,aug_prefix_0_5003.jpg,Non Defective
87,aug_prefix_0_5033.jpg,Non Defective
88,aug_prefix_0_5118.jpg,Non Defective
89,aug_prefix_0_5137.jpg,Non Defective
90,aug_prefix_0_5193.jpg,Non Defective
91,aug_prefix_0_5218.jpg,Non Defective
92,aug_prefix_0_5280.jpg,Non Defective
93,aug_prefix_0_5318.jpg,Non Defective
94,aug_prefix_0_5409.jpg,Non Defective
95,aug_prefix_0_5417.jpg,Non Defective
96,aug_prefix_0_5502.jpg,Non Defective
97,aug_prefix_0_5582.jpg,Non Defective
98,aug_prefix_0_5635.jpg,Non Defective
99,aug_prefix_0_5665.jpg,Non Defective
100,aug_prefix_0_5674.jpg,Non Defective
101,aug_prefix_0_5695.jpg,Non Defective
102,aug_prefix_0_57.jpg,Non Defective
103,aug_prefix_0_5709.jpg,Non Defective
104,aug_prefix_0_5773.jpg,Non Defective
105,aug_prefix_0_5817.jpg,Non Defective
106,aug_prefix_0_5855.jpg,Non Defective
107,aug_prefix_0_5901.jpg,Non Defective
108,aug_prefix_0_5917.jpg,Non Defective
109,aug_prefix_0_5972.jpg,Non Defective
110,aug_prefix_0_6050.jpg,Non Defective
111,aug_prefix_0_6094.jpg,Non Defective
112,aug_prefix_0_6110.jpg,Non Defective
113,aug_prefix_0_6112.jpg,Non Defective
114,aug_prefix_0_6256.jpg,Non Defective
115,aug_prefix_0_6268.jpg,Non Defective
116,aug_prefix_0_6585.jpg,Non Defective
117,aug_prefix_0_670.jpg,Non Defective
118,aug_prefix_0_6709.jpg,Non Defective
119,aug_prefix_0_6738.jpg,Non Defective
120,aug_prefix_0_6865.jpg,Non Defective
121,aug_prefix_0_6978.jpg,Non Defective
122,aug_prefix_0_7119.jpg,Non Defective
123,aug_prefix_0_716.jpg,Non Defective
124,aug_prefix_0_7181.jpg,Non Defective
125,aug_prefix_0_7236.jpg,Non Defective
126,aug_prefix_0_7316.jpg,Non Defective
127,aug_prefix_0_7451.jpg,Non Defective
128,aug_prefix_0_7516.jpg,Non Defective
129,aug_prefix_0_7668.jpg,Non Defective
130,aug_prefix_0_7742.jpg,Non Defective
131,aug_prefix_0_7854.jpg,Non Defective
132,aug_prefix_0_791.jpg,Non Defective
133,aug_prefix_0_7959.jpg,Non Defective
134,aug_prefix_0_8088.jpg,Non Defective
135,aug_prefix_0_8094.jpg,Non Defective
136,aug_prefix_0_8214.jpg,Non Defective
137,aug_prefix_0_8221.jpg,Non Defective
138,aug_prefix_0_8254.jpg,Non Defective
139,aug_prefix_0_8464.jpg,Non Defective
140,aug_prefix_0_8533.jpg,Non Defective
141,aug_prefix_0_8557.jpg,Non Defective
142,aug_prefix_0_8757.jpg,Non Defective
143,aug_prefix_0_8766.jpg,Non Defective
144,aug_prefix_0_8811.jpg,Non Defective
145,aug_prefix_0_8934.jpg,Non Defective
146,aug_prefix_0_910.jpg,Non Defective
147,aug_prefix_0_9116.jpg,Non Defective
148,aug_prefix_0_9187.jpg,Non Defective
149,aug_prefix_0_9349.jpg,Non Defective
150,aug_prefix_0_9516.jpg,Non Defective
151,aug_prefix_0_9536.jpg,Non Defective
152,aug_prefix_0_9638.jpg,Non Defective
153,aug_prefix_0_9677.jpg,Non Defective
154,aug_prefix_0_9692.jpg,Non Defective
155,aug_prefix_0_9768.jpg,Non Defective
156,aug_prefix_0_9865.jpg,Non Defective
157,aug_prefix_0_989.jpg,Non Defective
